Workbook

Sheet Results
A1: RESULTS – Corrected Illustrative TA854 Model
A3: Strategy | B3: Discounted Cost (£) | C3: Discounted QALYs | D3: Undiscounted LYs
A4: Esketamine + OAD | B4: =SUM(Trace_Esketamine!V2:V66) -> 46944.209 | C4: =SUM(Trace_Esketamine!W2:W66) -> 2.7363566 | D4: =SUMPRODUCT((Trace_Esketamine!E2:E66+Trace_Esketamine!H2:H66)*CycleLength) -> 4.980344
A5: Comparator | B5: =SUM(Trace_Comparator!V2:V66) -> 39611.029 | C5: =SUM(Trace_Comparator!W2:W66) -> 2.6521706 | D5: =SUMPRODUCT((Trace_Comparator!E2:E66+Trace_Comparator!H2:H66)*CycleLength) -> 4.980344
A7: Incremental cost (£) | B7: =B4-B5 -> 7333.1809
A8: Incremental QALY | B8: =C4-C5 -> 0.084186092
A9: ICER (£/QALY) | B9: =IF(B8<=0,"n/a",B7/B8) -> 87106.798
A11: Validation
A12: Esketamine final state sum | B12: =Trace_Esketamine!J66 -> 1
A13: Comparator final state sum | B13: =Trace_Comparator!J66 -> 1
A14: Undiscounted drug+admin (esketamine) | B14: =SUM(Trace_Esketamine!O2:O66) -> 9502.8915

Sheet Parameters
A1: Illustrative Cohort Markov – NICE TA854 (Esketamine)
A2: Corrected version: Effect affects relapse only; sessions billed on eligible stock; cycle < TreatCycles.
A4: MODEL SETTINGS
A5: Cycle length (years) | B5: 0.076923077 | C5: CycleLength | D5: 4-week cycles
A6: Discount rate | B6: 0.035 | C6: DiscRate | D6: NICE reference case
A7: Time horizon (years) | B7: 5 | C7: Horizon | D7: Company original (TA854 3.24)
A8: Number of cycles | B8: =ROUND(Horizon/CycleLength,0) -> 65 | C8: NCycles | D8: Calculated
A9: Annual background mortality | B9: 0.0016 | C9: qx | D9: Approx. ONS age 46
A11: CLINICAL TRANSITIONS
A12: Induction response – esketamine | B12: 0.693 | C12: pRespEsk | D12: TRANSFORM-2 (~69%)
A13: Induction response – comparator | B13: 0.52 | C13: pRespComp | D13: TRANSFORM-2 (~52%)
A14: 4-week relapse – esketamine | B14: 0.067787 | C14: pRelEsk | D14: Derived from SUSTAIN-1
A15: 4-week relapse – comparator | B15: 0.127454 | C15: pRelComp | D15: Derived from SUSTAIN-1 placebo
A16: Re-response after cycle 1 (both arms) | B16: 0.08 | C16: pReResp | D16: Fixed; not multiplied by Effect
A17: Treatment cycles (drug stops when cycle >= this) | B17: 9 | C17: TreatCycles | D17: Test is cycle < TreatCycles
A18: Waning per cycle after stop | B18: 0.15 | C18: Waning | D18: Affects Effect → relapse only
A20: UTILITIES AND COSTS
A21: Utility depressed | B21: 0.417 | C21: uDep | D21: TA854 3.26
A22: Utility responding (combined) | B22: 0.841 | C22: uResp | D22: Weighted response/remission
A23: Cost depressed / cycle (£) | B23: 980 | C23: cDep | D23: UK chart review
A24: Cost responding / cycle (£) | B24: 164 | C24: cResp | D24: UK chart review
A25: Esketamine price / session (£) | B25: 489 | C25: PriceSession | D25: TA854 2.3 list price 84 mg
A26: Admin cost / session (£) | B26: 25 | C26: AdminSession | D26: Company-style
A27: Sessions cycle 0 (induction) | B27: 8 | C27: Sess0 | D27: Billed to everyone alive
A28: Sessions cycle 1 | B28: 4 | C28: Sess1 | D28: Early maintenance
A29: Sessions cycle 2+ | B29: 2 | C29: Sess2 | D29: Later maintenance
A30: Oral antidepressant cost / cycle (£) | B30: 4 | C30: cOral | D30: Applied to both arms while alive

Sheet Notes
A1: Corrections applied
A3: 1. Responding update no longer multiplies re-response by Effect.
A4: Re-response (pReResp = 0.08) is fixed for both arms after induction.
A5: Effect is used only to interpolate the relapse probability on the esketamine arm.
A7: 2. Session billing:
A8: • Cycle 0: 8 sessions × everyone alive.
A9: • Cycles 1–8: 4 then 2 sessions × eligible responding stock only.
A10: • Cycle ≥ TreatCycles: no drug or admin costs.
A11: • Test is cycle < TreatCycles (not <=).
A13: 3. Responding is split into two stocks:
A14: • EligibleResp: induction responders who have not relapsed (this is OnTx).
A15: • IneligibleResp: later responders from the induction-failure pool.
... A31: • Mortality probability = 1-(1-qx)^(1/13) applied inside the transition.

Sheet Trace_Esketamine
A1: Cycle | B1: Year | C1: DepNever | D1: DepRelapsed | E1: Depressed | F1: EligResp | G1: IneligResp | H1: Responding | I1: Dead | J1: StateSum | K1: OnTx | L1: Effect | M1: pRelapse | N1: Sessions | O1: DrugCost | P1: OralCost | Q1: StateCost | R1: TotalCost | S1: QALY | T1: HalfQALY | U1: DiscF | V1: DiscCost | W1: DiscQALY
A2: 0 | B2: 0 | C2: 1 | D2: 0 | E2: =C2+D2 -> 1 | F2: 0 | G2: 0 | H2: =F2+G2 -> 0 | I2: 0 | J2: =E2+H2+I2 -> 1 | K2: 1 | L2: 1 | M2: =pRelEsk -> 0.067787 | N2: =Sess0 -> 8 | O2: =N2*(PriceSession+AdminSession) -> 4112 | P2: =(1-I2)*cOral -> 4 | Q2: =E2*cDep+H2*cResp -> 980 | R2: =O2+P2+Q2 -> 5096 | S2: =(E2*uDep+H2*uResp)*CycleLength -> 0.032076923 | T2: =(S2+S3)/2 -> 0.043374786 | U2: =1/(1+DiscRate)^(B2+CycleLength/2) -> 0.99867774 | V2: =R2*U2 -> 5089.2618 | W2: =T2*U2 -> 0.043317434
A3: =A2+1 -> 1 | B3: =A3*CycleLength -> 0.076923077 | C3: =MAX(0,1-I3-F3-G3-D3) -> 0.30696219 | D3: =IF(A3=1, 0, F2*M3*(1-(1-(1-qx)^(1/13)))+D2*(1-pReResp)*(1-(1-(1-qx)^(1/13)))) -> 0 | E3: =C3+D3 -> 0.30696219 | F3: =IF(A3=1, C2*pRespEsk*(1-(1-(1-qx)^(1/13))), MAX(0, F2*(1-M3)*(1-(1-(1-qx)^(1/13)))+D2*pReResp*(1-(1-(1-qx)^(1/13))))) -> 0.69291464 | G3: =IF(A3=1, 0, MAX(0, G2*(1-pRelComp)*(1-(1-(1-qx)^(1/13)))+C2*pReResp*(1-(1-(1-qx)^(1/13))))) -> 0 | H3: =F3+G3 -> 0.69291464 | I3: =I2+(1-I2)*(1-(1-qx)^(1/13)) -> 0.0001231679 | J3: =E3+H3+I3 -> 1 | K3: =F3 -> 0.69291464 | L3: =IF(A3<TreatCycles,1,MAX(0,L2*(1-Waning))) -> 1 | M3: =pRelEsk+(1-L3)*(pRelComp-pRelEsk) -> 0.067787 | N3: =IF(A3>=TreatCycles,0,IF(A3=1,Sess1,Sess2)*K3) -> 2.7716586 | O3: =N3*(PriceSession+AdminSession) -> 1424.6325 | P3: =(1-I3)*cOral -> 3.9995073 | Q3: =E3*cDep+H3*cResp -> 414.46095 | R3: =O3+P3+Q3 -> 1843.093 | S3: =(E3*uDep+H3*uResp)*CycleLength -> 0.05467265 | T3: =(S3+S4)/2 -> 0.054303813 | U3: =1/(1+DiscRate)^(B3+CycleLength/2) -> 0.99603847 | V3: =R3*U3 -> 1835.7915 | W3: =T3*U3 -> 0.054088687
A4: =A3+1 -> 2 | B4: =A4*CycleLength -> 0.15384615 | C4: =MAX(0,1-I4-F4-G4-D4) -> 0.28237043 | D4: =IF(A4=1, 0, F3*M4*(1-(1-(1-qx)^(1/13)))+D3*(1-pReResp)*(1-(1-(1-qx)^(1/13)))) -> 0.04696482 | E4: =C4+D4 -> 0.32933525 | F4: =IF(A4=1, C3*pRespEsk*(1-(1-(1-qx)^(1/13))), MAX(0, F3*(1-M4)*(1-(1-(1-qx)^(1/13)))+D3*pReResp*(1-(1-(1-qx)^(1/13))))) -> 0.64586448 | G4: =IF(A4=1, 0, MAX(0, G3*(1-pRelComp)*(1-(1-(1-qx)^(1/13)))+C3*pReResp*(1-(1-(1-qx)^(1/13))))) -> 0.02455395 | H4: =F4+G4 -> 0.67041843 | I4: =I3+(1-I3)*(1-(1-qx)^(1/13)) -> 0.00024632064 | J4: =E4+H4+I4 -> 1 | K4: =F4 -> 0.64586448 | L4: =IF(A4<TreatCycles,1,MAX(0,L3*(1-Waning))) -> 1 | M4: =pRelEsk+(1-L4)*(pRelComp-pRelEsk) -> 0.067787 | N4: =IF(A4>=TreatCycles,0,IF(A4=1,Sess1,Sess2)*K4) -> 1.291729 | O4: =N4*(PriceSession+AdminSession) -> 663.94869 | P4: =(1-I4)*cOral -> 3.9990147 | Q4: =E4*cDep+H4*cResp -> 432.69717 | R4: =O4+P4+Q4 -> 1100.6449 | S4: =(E4*uDep+H4*uResp)*CycleLength -> 0.053934977 | T4: =(S4+S5)/2 -> 0.053596347 | U4: =1/(1+DiscRate)^(B4+CycleLength/2) -> 0.99340618 | V4: =R4*U4 -> 1093.3874 | W4: =T4*U4 -> 0.053242942
A5: =A4+1 -> 3 | B5: =A5*CycleLength -> 0.23076923 | C5: =MAX(0,1-I5-F5-G5-D5) -> 0.26287791 | D5: =IF(A5=1, 0, F4*M5*(1-(1-(1-qx)^(1/13)))+D4*(1-pReResp)*(1-(1-(1-qx)^(1/13)))) -> 0.086978135 | E5: =C5+D5 -> 0.34985605 | F5: =IF(A5=1, C4*pRespEsk*(1-(1-(1-qx)^(1/13))), MAX(0, F4*(1-M5)*(1-(1-(1-qx)^(1/13)))+D4*pReResp*(1-(1-(1-qx)^(1/13))))) -> 0.60576583 | G5: =IF(A5=1, 0, MAX(0, G4*(1-pRelComp)*(1-(1-(1-qx)^(1/13)))+C4*pReResp*(1-(1-(1-qx)^(1/13))))) -> 0.044008664 | H5: =F5+G5 -> 0.64977449 | I5: =I4+(1-I4)*(1-(1-qx)^(1/13)) -> 0.0003694582 | J5: =E5+H5+I5 -> 1 | K5: =F5 -> 0.60576583 | L5: =IF(A5<TreatCycles,1,MAX(0,L4*(1-Waning))) -> 1 | M5: =pRelEsk+(1-L5)*(pRelComp-pRelEsk) -> 0.067787 | N5: =IF(A5>=TreatCycles,0,IF(A5=1,Sess1,Sess2)*K5) -> 1.2115317 | O5: =N5*(PriceSession+AdminSession) -> 622.72727 | P5: =(1-I5)*cOral -> 3.9985222 | Q5: =E5*cDep+H5*cResp -> 449.42194 | R5: =O5+P5+Q5 -> 1076.1477 | S5: =(E5*uDep+H5*uResp)*CycleLength -> 0.053257717 | T5: =(S5+S6)/2 -> 0.052949788 | U5: =1/(1+DiscRate)^(B5+CycleLength/2) -> 0.99078084 | V5: =R5*U5 -> 1066.2266 | W5: =T5*U5 -> 0.052461635
A6: =A5+1 -> 4 | B6: =A6*CycleLength -> 0.30769231 | C6: =MAX(0,1-I6-F6-G6-D6) -> 0.24742628 | D6: =IF(A6=1, 0, F5*M6*(1-(1-(1-qx)^(1/13)))+D5*(1-pReResp)*(1-(1-(1-qx)^(1/13)))) -> 0.12106802 | E6: =C6+D6 -> 0.3684943 | F6: =IF(A6=1, C5*pRespEsk*(1-(1-(1-qx)^(1/13))), MAX(0, F5*(1-M6)*(1-(1-(1-qx)^(1/13)))+D5*pReResp*(1-(1-(1-qx)^(1/13))))) -> 0.57159062 | G6: =IF(A6=1, 0, MAX(0, G5*(1-pRelComp)*(1-(1-(1-qx)^(1/13)))+C5*pReResp*(1-(1-(1-qx)^(1/13))))) -> 0.059422497 | H6: =F6+G6 -> 0.63101312 | I6: =I5+(1-I5)*(1-(1-qx)^(1/13)) -> 0.0004925806 | J6: =E6+H6+I6 -> 1 | K6: =F6 -> 0.57159062 | L6: =IF(A6<TreatCycles,1,MAX(0,L5*(1-Waning))) -> 1 | M6: =pRelEsk+(1-L6)*(pRelComp-pRelEsk) -> 0.067787 | N6: =IF(A6>=TreatCycles,0,IF(A6=1,Sess1,Sess2)*K6) -> 1.1431812 | O6: =N6*(PriceSession+AdminSession) -> 587.59516 | P6: =(1-I6)*cOral -> 3.9980297 | Q6: =E6*cDep+H6*cResp -> 464.61057 | R6: =O6+P6+Q6 -> 1056.2038 | S6: =(E6*uDep+H6*uResp)*CycleLength -> 0.052641858 | T6: =(S6+S7)/2 -> 0.05236402 | U6: =1/(1+DiscRate)^(B6+CycleLength/2) -> 0.98816244 | V6: =R6*U6 -> 1043.7009 | W6: =T6*U6 -> 0.051744158
A7: =A6+1 -> 5 | B7: =A7*CycleLength -> 0.38461538 | C7: =MAX(0,1-I7-F7-G7-D7) -> 0.23517684 | D7: =IF(A7=1, 0, F6*M7*(1-(1-(1-qx)^(1/13)))+D6*(1-pReResp)*(1-(1-(1-qx)^(1/13)))) -> 0.1501105 | E7: =C7+D7 -> 0.38528734 | F7: =IF(A7=1, C6*pRespEsk*(1-(1-(1-qx)^(1/13))), MAX(0, F6*(1-M7)*(1-(1-(1-qx)^(1/13)))+D6*pReResp*(1-(1-(1-qx)^(1/13))))) -> 0.54246283 | G7: =IF(A7=1, 0, MAX(0, G6*(1-pRelComp)*(1-(1-(1-qx)^(1/13)))+C6*pReResp*(1-(1-(1-qx)^(1/13))))) -> 0.071634141 | H7: =F7+G7 -> 0.61409697 | I7: =I6+(1-I6)*(1-(1-qx)^(1/13)) -> 0.00061568784 | J7: =E7+H7+I7 -> 1 | K7: =F7 -> 0.54246283 | L7: =IF(A7<TreatCycles,1,MAX(0,L6*(1-Waning))) -> 1 | M7: =pRelEsk+(1-L7)*(pRelComp-pRelEsk) -> 0.067787 | N7: =IF(A7>=TreatCycles,0,IF(A7=1,Sess1,Sess2)*K7) -> 1.0849257 | O7: =N7*(PriceSession+AdminSession) -> 557.65179 | P7: =(1-I7)*cOral -> 3.9975372 | Q7: =E7*cDep+H7*cResp -> 478.2935 | R7: =O7+P7+Q7 -> 1039.9428 | S7: =(E7*uDep+H7*uResp)*CycleLength -> 0.052086183 | T7: =(S7+S8)/2 -> 0.051837101 | U7: =1/(1+DiscRate)^(B7+CycleLength/2) -> 0.98555095 | V7: =R7*U7 -> 1024.9166 | W7: =T7*U7 -> 0.051088105
A8: =A7+1 -> 6 | B8: =A8*CycleLength -> 0.46153846 | C8: =MAX(0,1-I8-F8-G8-D8) -> 0.22546498 | D8: =IF(A8=1, 0, F7*M8*(1-(1-(1-qx)^(1/13)))+D7*(1-pReResp)*(1-(1-(1-qx)^(1/13)))) -> 0.17485205 | E8: =C8+D8 -> 0.40031703 | F8: =IF(A8=1, C7*pRespEsk*(1-(1-(1-qx)^(1/13))), MAX(0, F7*(1-M8)*(1-(1-(1-qx)^(1/13)))+D7*pReResp*(1-(1-(1-qx)^(1/13))))) -> 0.51763598 | G8: =IF(A8=1, 0, MAX(0, G7*(1-pRelComp)*(1-(1-(1-qx)^(1/13)))+C7*pReResp*(1-(1-(1-qx)^(1/13))))) -> 0.081308214 | H8: =F8+G8 -> 0.59894419 | I8: =I7+(1-I7)*(1-(1-qx)^(1/13)) -> 0.00073877991 | J8: =E8+H8+I8 -> 1 | K8: =F8 -> 0.51763598 | L8: =IF(A8<TreatCycles,1,MAX(0,L7*(1-Waning))) -> 1 | M8: =pRelEsk+(1-L8)*(pRelComp-pRelEsk) -> 0.067787 | N8: =IF(A8>=TreatCycles,0,IF(A8=1,Sess1,Sess2)*K8) -> 1.035272 | O8: =N8*(PriceSession+AdminSession) -> 532.12978 | P8: =(1-I8)*cOral -> 3.9970449 | Q8: =E8*cDep+H8*cResp -> 490.53754 | R8: =O8+P8+Q8 -> 1026.6644 | S8: =(E8*uDep+H8*uResp)*CycleLength -> 0.05158802 | T8: =(S8+S9)/2 -> 0.051365912 | U8: =1/(1+DiscRate)^(B8+CycleLength/2) -> 0.98294637 | V8: =R8*U8 -> 1009.156 | W8: =T8*U8 -> 0.050489937
A9: =A8+1 -> 7 | B9: =A9*CycleLength -> 0.53846154 | C9: =MAX(0,1-I9-F9-G9-D9) -> 0.21776401 | D9: =IF(A9=1, 0, F8*M9*(1-(1-(1-qx)^(1/13)))+D8*(1-pReResp)*(1-(1-(1-qx)^(1/13)))) -> 0.19592874 | E9: =C9+D9 -> 0.41369275 | F9: =IF(A9=1, C8*pRespEsk*(1-(1-(1-qx)^(1/13))), MAX(0, F8*(1-M9)*(1-(1-(1-qx)^(1/13)))+D8*pReResp*(1-(1-(1-qx)^(1/13))))) -> 0.49647399 | G9: =IF(A9=1, 0, MAX(0, G8*(1-pRelComp)*(1-(1-(1-qx)^(1/13)))+C8*pReResp*(1-(1-(1-qx)^(1/13))))) -> 0.088971396 | H9: =F9+G9 -> 0.58544539 | I9: =I8+(1-I8)*(1-(1-qx)^(1/13)) -> 0.00086185682 | J9: =E9+H9+I9 -> 1 | K9: =F9 -> 0.49647399 | L9: =IF(A9<TreatCycles,1,MAX(0,L8*(1-Waning))) -> 1 | M9: =pRelEsk+(1-L9)*(pRelComp-pRelEsk) -> 0.067787 | N9: =IF(A9>=TreatCycles,0,IF(A9=1,Sess1,Sess2)*K9) -> 0.99294799 | O9: =N9*(PriceSession+AdminSession) -> 510.37526 | P9: =(1-I9)*cOral -> 3.9965526 | Q9: =E9*cDep+H9*cResp -> 501.43194 | R9: =O9+P9+Q9 -> 1015.8038 | S9: =(E9*uDep+H9*uResp)*CycleLength -> 0.051143804 | T9: =(S9+S10)/2 -> 0.050946636 | U9: =1/(1+DiscRate)^(B9+CycleLength/2) -> 0.98034868 | V9: =R9*U9 -> 995.84187 | W9: =T9*U9 -> 0.049945467
A10: =A9+1 -> 8 | B10: =A10*CycleLength -> 0.61538462 | C10: =MAX(0,1-I10-F10-G10-D10) -> 0.21165658 | D10: =IF(A10=1, 0, F9*M10*(1-(1-(1-qx)^(1/13)))+D9*(1-pReResp)*(1-(1-(1-qx)^(1/13)))) -> 0.21388258 | E10: =C10+D10 -> 0.42553916 | F10: =IF(A10=1, C9*pRespEsk*(1-(1-(1-qx)^(1/13))), MAX(0, F9*(1-M10)*(1-(1-(1-qx)^(1/13)))+D9*pReResp*(1-(1-(1-qx)^(1/13))))) -> 0.47843487 | G10: =IF(A10=1, 0, MAX(0, G9*(1-pRelComp)*(1-(1-(1-qx)^(1/13)))+C9*pReResp*(1-(1-(1-qx)^(1/13))))) -> 0.095041049 | H10: =F10+G10 -> 0.57347592 | I10: =I9+(1-I9)*(1-(1-qx)^(1/13)) -> 0.00098491857 | J10: =E10+H10+I10 -> 1 | K10: =F10 -> 0.47843487 | L10: =IF(A10<TreatCycles,1,MAX(0,L9*(1-Waning))) -> 1 | M10: =pRelEsk+(1-L10)*(pRelComp-pRelEsk) -> 0.067787 | N10: =IF(A10>=TreatCycles,0,IF(A10=1,Sess1,Sess2)*K10) -> 0.95686975 | O10: =N10*(PriceSession+AdminSession) -> 491.83105 | P10: =(1-I10)*cOral -> 3.9960603 | Q10: =E10*cDep+H10*cResp -> 511.07843 | R10: =O10+P10+Q10 -> 1006.9055 | S10: =(E10*uDep+H10*uResp)*CycleLength -> 0.050749468 | T10: =(S10+S11)/2 -> 0.050505281 | U10: =1/(1+DiscRate)^(B10+CycleLength/2) -> 0.97775785 | V10: =R10*U10 -> 984.50979 | W10: =T10*U10 -> 0.049381934
A11: =A10+1 -> 9 | B11: =A11*CycleLength -> 0.69230769 | C11: =MAX(0,1-I11-F11-G11-D11) -> 0.20681194 | D11: =IF(A11=1, 0, F10*M11*(1-(1-(1-qx)^(1/13)))+D10*(1-pReResp)*(1-(1-(1-qx)^(1/13)))) -> 0.23345689 | E11: =C11+D11 -> 0.44026883 | F11: =IF(A11=1, C10*pRespEsk*(1-(1-(1-qx)^(1/13))), MAX(0, F10*(1-M11)*(1-(1-(1-qx)^(1/13)))+D10*pReResp*(1-(1-(1-qx)^(1/13))))) -> 0.45877529 | G11: =IF(A11=1, 0, MAX(0, G10*(1-pRelComp)*(1-(1-(1-qx)^(1/13)))+C10*pReResp*(1-(1-(1-qx)^(1/13))))) -> 0.099847914 | H11: =F11+G11 -> 0.5586232 | I11: =I10+(1-I10)*(1-(1-qx)^(1/13)) -> 0.0011079652 | J11: =E11+H11+I11 -> 1 | K11: =F11 -> 0.45877529 | L11: =IF(A11<TreatCycles,1,MAX(0,L10*(1-Waning))) -> 0.85 | M11: =pRelEsk+(1-L11)*(pRelComp-pRelEsk) -> 0.07673705 | N11: =IF(A11>=TreatCycles,0,IF(A11=1,Sess1,Sess2)*K11) -> 0 | O11: =N11*(PriceSession+AdminSession) -> 0 | P11: =(1-I11)*cOral -> 3.9955681 | Q11: =E11*cDep+H11*cResp -> 523.07766 | R11: =O11+P11+Q11 -> 527.07323 | S11: =(E11*uDep+H11*uResp)*CycleLength -> 0.050261094 | T11: =(S11+S12)/2 -> 0.049993851 | U11: =1/(1+DiscRate)^(B11+CycleLength/2) -> 0.97517386 | V11: =R11*U11 -> 513.98804 | W11: =T11*U11 -> 0.048752696
A12: =A11+1 -> 10 | B12: =A12*CycleLength -> 0.76923077 | C12: =MAX(0,1-I12-F12-G12-D12) -> 0.202968 | D12: =IF(A12=1, 0, F11*M12*(1-(1-(1-qx)^(1/13)))+D11*(1-pReResp)*(1-(1-(1-qx)^(1/13)))) -> 0.25344434 | E12: =C12+D12 -> 0.45641234 | F12: =IF(A12=1, C11*pRespEsk*(1-(1-(1-qx)^(1/13))), MAX(0, F11*(1-M12)*(1-(1-(1-qx)^(1/13)))+D11*pReResp*(1-(1-(1-qx)^(1/13))))) -> 0.43870258 | G12: =IF(A12=1, 0, MAX(0, G11*(1-pRelComp)*(1-(1-(1-qx)^(1/13)))+C11*pReResp*(1-(1-(1-qx)^(1/13))))) -> 0.10365409 | H12: =F12+G12 -> 0.54235667 | I12: =I11+(1-I11)*(1-(1-qx)^(1/13)) -> 0.0012309966 | J12: =E12+H12+I12 -> 1 | K12: =F12 -> 0.43870258 | L12: =IF(A12<TreatCycles,1,MAX(0,L11*(1-Waning))) -> 0.7225 | M12: =pRelEsk+(1-L12)*(pRelComp-pRelEsk) -> 0.084344592 | N12: =IF(A12>=TreatCycles,0,IF(A12=1,Sess1,Sess2)*K12) -> 0 | O12: =N12*(PriceSession+AdminSession) -> 0 | P12: =(1-I12)*cOral -> 3.995076 | Q12: =E12*cDep+H12*cResp -> 536.23058 | R12: =O12+P12+Q12 -> 540.22566 | S12: =(E12*uDep+H12*uResp)*CycleLength -> 0.049726608 | T12: =(S12+S13)/2 -> 0.049453896 | U12: =1/(1+DiscRate)^(B12+CycleLength/2) -> 0.97259671 | V12: =R12*U12 -> 525.4217 | W12: =T12*U12 -> 0.048098696
A13: =A12+1 -> 11 | B13: =A13*CycleLength -> 0.84615385 | C13: =MAX(0,1-I13-F13-G13-D13) -> 0.19991706 | D13: =IF(A13=1, 0, F12*M13*(1-(1-(1-qx)^(1/13)))+D12*(1-pReResp)*(1-(1-(1-qx)^(1/13)))) -> 0.27297419 | E13: =C13+D13 -> 0.47289125 | F13: =IF(A13=1, C12*pRespEsk*(1-(1-(1-qx)^(1/13))), MAX(0, F12*(1-M13)*(1-(1-(1-qx)^(1/13)))+D12*pReResp*(1-(1-(1-qx)^(1/13))))) -> 0.41908748 | G13: =IF(A13=1, 0, MAX(0, G12*(1-pRelComp)*(1-(1-(1-qx)^(1/13)))+C12*pReResp*(1-(1-(1-qx)^(1/13))))) -> 0.10666726 | H13: =F13+G13 -> 0.52575474 | I13: =I12+(1-I12)*(1-(1-qx)^(1/13)) -> 0.0013540129 | J13: =E13+H13+I13 -> 1 | K13: =F13 -> 0.41908748 | L13: =IF(A13<TreatCycles,1,MAX(0,L12*(1-Waning))) -> 0.614125 | M13: =pRelEsk+(1-L13)*(pRelComp-pRelEsk) -> 0.090811004 | N13: =IF(A13>=TreatCycles,0,IF(A13=1,Sess1,Sess2)*K13) -> 0 | O13: =N13*(PriceSession+AdminSession) -> 0 | P13: =(1-I13)*cOral -> 3.9945839 | Q13: =E13*cDep+H13*cResp -> 549.6572 | R13: =O13+P13+Q13 -> 553.65178 | S13: =(E13*uDep+H13*uResp)*CycleLength -> 0.049181184 | T13: =(S13+S14)/2 -> 0.048915224 | U13: =1/(1+DiscRate)^(B13+CycleLength/2) -> 0.97002636 | V13: =R13*U13 -> 537.05682 | W13: =T13*U13 -> 0.047449057
A14: =A13+1 -> 12 | B14: =A14*CycleLength -> 0.92307692 | C14: =MAX(0,1-I14-F14-G14-D14) -> 0.19749454 | D14: =IF(A14=1, 0, F13*M14*(1-(1-(1-qx)^(1/13)))+D13*(1-pReResp)*(1-(1-(1-qx)^(1/13)))) -> 0.2914616 | E14: =C14+D14 -> 0.48895613 | F14: =IF(A14=1, C13*pRespEsk*(1-(1-(1-qx)^(1/13))), MAX(0, F13*(1-M14)*(1-(1-(1-qx)^(1/13)))+D13*pReResp*(1-(1-(1-qx)^(1/13))))) -> 0.40051483 | G14: =IF(A14=1, 0, MAX(0, G13*(1-pRelComp)*(1-(1-(1-qx)^(1/13)))+C13*pReResp*(1-(1-(1-qx)^(1/13))))) -> 0.10905202 | H14: =F14+G14 -> 0.50956685 | I14: =I13+(1-I13)*(1-(1-qx)^(1/13)) -> 0.001477014 | J14: =E14+H14+I14 -> 1 | K14: =F14 -> 0.40051483 | L14: =IF(A14<TreatCycles,1,MAX(0,L13*(1-Waning))) -> 0.52200625 | M14: =pRelEsk+(1-L14)*(pRelComp-pRelEsk) -> 0.096307453 | N14: =IF(A14>=TreatCycles,0,IF(A14=1,Sess1,Sess2)*K14) -> 0 | O14: =N14*(PriceSession+AdminSession) -> 0 | P14: =(1-I14)*cOral -> 3.9940919 | Q14: =E14*cDep+H14*cResp -> 562.74597 | R14: =O14+P14+Q14 -> 566.74007 | S14: =(E14*uDep+H14*uResp)*CycleLength -> 0.048649264 | T14: =(S14+S15)/2 -> 0.048397991 | U14: =1/(1+DiscRate)^(B14+CycleLength/2) -> 0.96746281 | V14: =R14*U14 -> 548.29994 | W14: =T14*U14 -> 0.046823257
... A65: =A64+1 -> 63 | B65: =A65*CycleLength -> 4.8461538 | C65: =MAX(0,1-I65-F65-G65-D65) -> 0.1871544 | D65: =IF(A65=1, 0, F64*M65*(1-(1-(1-qx)^(1/13)))+D64*(1-pReResp)*(1-(1-(1-qx)^(1/13)))) -> 0.42243774 | E65: =C65+D65 -> 0.60959213 | F65: =IF(A65=1, C64*pRespEsk*(1-(1-(1-qx)^(1/13))), MAX(0, F64*(1-M65)*(1-(1-(1-qx)^(1/13)))+D64*pReResp*(1-(1-(1-qx)^(1/13))))) -> 0.26520536 | G65: =IF(A65=1, 0, MAX(0, G64*(1-pRelComp)*(1-(1-(1-qx)^(1/13)))+C64*pReResp*(1-(1-(1-qx)^(1/13))))) -> 0.11747249 | H65: =F65+G65 -> 0.38267784 | I65: =I64+(1-I64)*(1-(1-qx)^(1/13)) -> 0.0077300244 | J65: =E65+H65+I65 -> 1 | K65: =F65 -> 0.26520536 | L65: =IF(A65<TreatCycles,1,MAX(0,L64*(1-Waning))) -> 0.00013123235 | M65: =pRelEsk+(1-L65)*(pRelComp-pRelEsk) -> 0.12744617 | N65: =IF(A65>=TreatCycles,0,IF(A65=1,Sess1,Sess2)*K65) -> 0 | O65: =N65*(PriceSession+AdminSession) -> 0 | P65: =(1-I65)*cOral -> 3.9690799 | Q65: =E65*cDep+H65*cResp -> 660.15946 | R65: =O65+P65+Q65 -> 664.12854 | S65: =(E65*uDep+H65*uResp)*CycleLength -> 0.044310153 | T65: =(S65+S66)/2 -> 0.044307348 | U65: =1/(1+DiscRate)^(B65+CycleLength/2) -> 0.84532193 | V65: =R65*U65 -> 561.40242 | W65: =T65*U65 -> 0.037453973
A66: =A65+1 -> 64 | B66: =A66*CycleLength -> 4.9230769 | C66: =MAX(0,1-I66-F66-G66-D66) -> 0.18713133 | D66: =IF(A66=1, 0, F65*M66*(1-(1-(1-qx)^(1/13)))+D65*(1-pReResp)*(1-(1-(1-qx)^(1/13)))) -> 0.4223904 | E66: =C66+D66 -> 0.60952173 | F66: =IF(A66=1, C65*pRespEsk*(1-(1-(1-qx)^(1/13))), MAX(0, F65*(1-M66)*(1-(1-(1-qx)^(1/13)))+D65*pReResp*(1-(1-(1-qx)^(1/13))))) -> 0.26516799 | G66: =IF(A66=1, 0, MAX(0, G65*(1-pRelComp)*(1-(1-(1-qx)^(1/13)))+C65*pReResp*(1-(1-(1-qx)^(1/13))))) -> 0.11745803 | H66: =F66+G66 -> 0.38262602 | I66: =I65+(1-I65)*(1-(1-qx)^(1/13)) -> 0.0078522402 | J66: =E66+H66+I66 -> 1 | K66: =F66 -> 0.26516799 | L66: =IF(A66<TreatCycles,1,MAX(0,L65*(1-Waning))) -> 0.0001115475 | M66: =pRelEsk+(1-L66)*(pRelComp-pRelEsk) -> 0.12744734 | N66: =IF(A66>=TreatCycles,0,IF(A66=1,Sess1,Sess2)*K66) -> 0 | O66: =N66*(PriceSession+AdminSession) -> 0 | P66: =(1-I66)*cOral -> 3.968591 | Q66: =E66*cDep+H66*cResp -> 660.08197 | R66: =O66+P66+Q66 -> 664.05056 | S66: =(E66*uDep+H66*uResp)*CycleLength -> 0.044304542 | T66: =S66/2 -> 0.022152271 | U66: =1/(1+DiscRate)^(B66+CycleLength/2) -> 0.84308795 | V66: =R66*U66 -> 559.85302 | W66: =T66*U66 -> 0.018676313

Sheet Trace_Comparator
A1: Cycle | B1: Year | C1: DepNever | D1: DepRelapsed | E1: Depressed | F1: EligResp | G1: IneligResp | H1: Responding | I1: Dead | J1: StateSum | K1: OnTx | L1: Effect | M1: pRelapse | N1: Sessions | O1: DrugCost | P1: OralCost | Q1: StateCost | R1: TotalCost | S1: QALY | T1: HalfQALY | U1: DiscF | V1: DiscCost | W1: DiscQALY
A2: 0 | B2: 0 | C2: 1 | D2: 0 | E2: =C2+D2 -> 1 | F2: 0 | G2: 0 | H2: =F2+G2 -> 0 | I2: 0 | J2: =E2+H2+I2 -> 1 | K2: 1 | L2: 0 | M2: =pRelComp -> 0.127454 | N2: 0 | O2: 0 | P2: =(1-I2)*cOral -> 4 | Q2: =E2*cDep+H2*cResp -> 980 | R2: =O2+P2+Q2 -> 984 | S2: =(E2*uDep+H2*uResp)*CycleLength -> 0.032076923 | T2: =(S2+S3)/2 -> 0.040553903 | U2: =1/(1+DiscRate)^(B2+CycleLength/2) -> 0.99867774 | V2: =R2*U2 -> 982.6989 | W2: =T2*U2 -> 0.040500281
A3: =A2+1 -> 1 | B3: =A3*CycleLength -> 0.076923077 | C3: =MAX(0,1-I3-F3-G3-D3) -> 0.47994088 | D3: =IF(A3=1, 0, F2*M3*(1-(1-(1-qx)^(1/13)))+D2*(1-pReResp)*(1-(1-(1-qx)^(1/13)))) -> 0 | E3: =C3+D3 -> 0.47994088 | F3: =IF(A3=1, C2*pRespComp*(1-(1-(1-qx)^(1/13))), MAX(0, F2*(1-M3)*(1-(1-(1-qx)^(1/13)))+D2*pReResp*(1-(1-(1-qx)^(1/13))))) -> 0.51993595 | G3: =IF(A3=1, 0, MAX(0, G2*(1-pRelComp)*(1-(1-(1-qx)^(1/13)))+C2*pReResp*(1-(1-(1-qx)^(1/13))))) -> 0 | H3: =F3+G3 -> 0.51993595 | I3: =I2+(1-I2)*(1-(1-qx)^(1/13)) -> 0.0001231679 | J3: =E3+H3+I3 -> 1 | K3: =F3 -> 0.51993595 | L3: 0 | M3: =pRelComp -> 0.127454 | N3: 0 | O3: 0 | P3: =(1-I3)*cOral -> 3.9995073 | Q3: =E3*cDep+H3*cResp -> 555.61156 | R3: =O3+P3+Q3 -> 559.61107 | S3: =(E3*uDep+H3*uResp)*CycleLength -> 0.049030883 | T3: =(S3+S4)/2 -> 0.048573381 | U3: =1/(1+DiscRate)^(B3+CycleLength/2) -> 0.99603847 | V3: =R3*U3 -> 557.39415 | W3: =T3*U3 -> 0.048380956
A4: =A3+1 -> 2 | B4: =A4*CycleLength -> 0.15384615 | C4: =MAX(0,1-I4-F4-G4-D4) -> 0.44149122 | D4: =IF(A4=1, 0, F3*M4*(1-(1-(1-qx)^(1/13)))+D3*(1-pReResp)*(1-(1-(1-qx)^(1/13)))) -> 0.066259755 | E4: =C4+D4 -> 0.50775098 | F4: =IF(A4=1, C3*pRespComp*(1-(1-(1-qx)^(1/13))), MAX(0, F3*(1-M4)*(1-(1-(1-qx)^(1/13)))+D3*pReResp*(1-(1-(1-qx)^(1/13))))) -> 0.45361216 | G4: =IF(A4=1, 0, MAX(0, G3*(1-pRelComp)*(1-(1-(1-qx)^(1/13)))+C3*pReResp*(1-(1-(1-qx)^(1/13))))) -> 0.038390541 | H4: =F4+G4 -> 0.4920027 | I4: =I3+(1-I3)*(1-(1-qx)^(1/13)) -> 0.00024632064 | J4: =E4+H4+I4 -> 1 | K4: =F4 -> 0.45361216 | L4: 0 | M4: =pRelComp -> 0.127454 | N4: 0 | O4: 0 | P4: =(1-I4)*cOral -> 3.9990147 | Q4: =E4*cDep+H4*cResp -> 578.2844 | R4: =O4+P4+Q4 -> 582.28342 | S4: =(E4*uDep+H4*uResp)*CycleLength -> 0.048115879 | T4: =(S4+S5)/2 -> 0.047752762 | U4: =1/(1+DiscRate)^(B4+CycleLength/2) -> 0.99340618 | V4: =R4*U4 -> 578.44394 | W4: =T4*U4 -> 0.047437889
A5: =A4+1 -> 3 | B5: =A5*CycleLength -> 0.23076923 | C5: =MAX(0,1-I5-F5-G5-D5) -> 0.41101432 | D5: =IF(A5=1, 0, F4*M5*(1-(1-(1-qx)^(1/13)))+D4*(1-pReResp)*(1-(1-(1-qx)^(1/13)))) -> 0.11875903 | E5: =C5+D5 -> 0.52977335 | F5: =IF(A5=1, C4*pRespComp*(1-(1-(1-qx)^(1/13))), MAX(0, F4*(1-M5)*(1-(1-(1-qx)^(1/13)))+D4*pReResp*(1-(1-(1-qx)^(1/13))))) -> 0.40104885 | G5: =IF(A5=1, 0, MAX(0, G4*(1-pRelComp)*(1-(1-(1-qx)^(1/13)))+C4*pReResp*(1-(1-(1-qx)^(1/13))))) -> 0.068808335 | H5: =F5+G5 -> 0.46985719 | I5: =I4+(1-I4)*(1-(1-qx)^(1/13)) -> 0.0003694582 | J5: =E5+H5+I5 -> 1 | K5: =F5 -> 0.40104885 | L5: 0 | M5: =pRelComp -> 0.127454 | N5: 0 | O5: 0 | P5: =(1-I5)*cOral -> 3.9985222 | Q5: =E5*cDep+H5*cResp -> 596.23447 | R5: =O5+P5+Q5 -> 600.23299 | S5: =(E5*uDep+H5*uResp)*CycleLength -> 0.047389645 | T5: =(S5+S6)/2 -> 0.047101323 | U5: =1/(1+DiscRate)^(B5+CycleLength/2) -> 0.99078084 | V5: =R5*U5 -> 594.69934 | W5: =T5*U5 -> 0.046667088
A6: =A5+1 -> 4 | B6: =A6*CycleLength -> 0.30769231 | C6: =MAX(0,1-I6-F6-G6-D6) -> 0.38685542 | D6: =IF(A6=1, 0, F5*M6*(1-(1-(1-qx)^(1/13)))+D5*(1-pReResp)*(1-(1-(1-qx)^(1/13)))) -> 0.16035383 | E6: =C6+D6 -> 0.54720926 | F6: =IF(A6=1, C5*pRespComp*(1-(1-(1-qx)^(1/13))), MAX(0, F5*(1-M6)*(1-(1-(1-qx)^(1/13)))+D5*pReResp*(1-(1-(1-qx)^(1/13))))) -> 0.35939002 | G6: =IF(A6=1, 0, MAX(0, G5*(1-pRelComp)*(1-(1-(1-qx)^(1/13)))+C5*pReResp*(1-(1-(1-qx)^(1/13))))) -> 0.092908139 | H6: =F6+G6 -> 0.45229816 | I6: =I5+(1-I5)*(1-(1-qx)^(1/13)) -> 0.0004925806 | J6: =E6+H6+I6 -> 1 | K6: =F6 -> 0.35939002 | L6: 0 | M6: =pRelComp -> 0.127454 | N6: 0 | O6: 0 | P6: =(1-I6)*cOral -> 3.9980297 | Q6: =E6*cDep+H6*cResp -> 610.44197 | R6: =O6+P6+Q6 -> 614.44 | S6: =(E6*uDep+H6*uResp)*CycleLength -> 0.046813001 | T6: =(S6+S7)/2 -> 0.046583951 | U6: =1/(1+DiscRate)^(B6+CycleLength/2) -> 0.98816244 | V6: =R6*U6 -> 607.16653 | W6: =T6*U6 -> 0.04603251
A7: =A6+1 -> 5 | B7: =A7*CycleLength -> 0.38461538 | C7: =MAX(0,1-I7-F7-G7-D7) -> 0.36770321 | D7: =IF(A7=1, 0, F6*M7*(1-(1-(1-qx)^(1/13)))+D6*(1-pReResp)*(1-(1-(1-qx)^(1/13)))) -> 0.19330741 | E7: =C7+D7 -> 0.56101062 | F7: =IF(A7=1, C6*pRespComp*(1-(1-(1-qx)^(1/13))), MAX(0, F6*(1-M7)*(1-(1-(1-qx)^(1/13)))+D6*pReResp*(1-(1-(1-qx)^(1/13))))) -> 0.32637243 | G7: =IF(A7=1, 0, MAX(0, G6*(1-pRelComp)*(1-(1-(1-qx)^(1/13)))+C6*pReResp*(1-(1-(1-qx)^(1/13))))) -> 0.11200126 | H7: =F7+G7 -> 0.43837369 | I7: =I6+(1-I6)*(1-(1-qx)^(1/13)) -> 0.00061568784 | J7: =E7+H7+I7 -> 1 | K7: =F7 -> 0.32637243 | L7: 0 | M7: =pRelComp -> 0.127454 | N7: 0 | O7: 0 | P7: =(1-I7)*cOral -> 3.9975372 | Q7: =E7*cDep+H7*cResp -> 621.68369 | R7: =O7+P7+Q7 -> 625.68123 | S7: =(E7*uDep+H7*uResp)*CycleLength -> 0.0463549 | T7: =(S7+S8)/2 -> 0.04617282 | U7: =1/(1+DiscRate)^(B7+CycleLength/2) -> 0.98555095 | V7: =R7*U7 -> 616.64073 | W7: =T7*U7 -> 0.045505666
A8: =A7+1 -> 6 | B8: =A8*CycleLength -> 0.46153846 | C8: =MAX(0,1-I8-F8-G8-D8) -> 0.35251854 | D8: =IF(A8=1, 0, F7*M8*(1-(1-(1-qx)^(1/13)))+D7*(1-pReResp)*(1-(1-(1-qx)^(1/13)))) -> 0.21941326 | E8: =C8+D8 -> 0.5719318 | F8: =IF(A8=1, C7*pRespComp*(1-(1-(1-qx)^(1/13))), MAX(0, F7*(1-M8)*(1-(1-(1-qx)^(1/13)))+D7*pReResp*(1-(1-(1-qx)^(1/13))))) -> 0.30020257 | G8: =IF(A8=1, 0, MAX(0, G7*(1-pRelComp)*(1-(1-(1-qx)^(1/13)))+C7*pReResp*(1-(1-(1-qx)^(1/13))))) -> 0.12712685 | H8: =F8+G8 -> 0.42732942 | I8: =I7+(1-I7)*(1-(1-qx)^(1/13)) -> 0.00073877991 | J8: =E8+H8+I8 -> 1 | K8: =F8 -> 0.30020257 | L8: 0 | M8: =pRelComp -> 0.127454 | N8: 0 | O8: 0 | P8: =(1-I8)*cOral -> 3.9970449 | Q8: =E8*cDep+H8*cResp -> 630.57519 | R8: =O8+P8+Q8 -> 634.57223 | S8: =(E8*uDep+H8*uResp)*CycleLength -> 0.045990739 | T8: =(S8+S9)/2 -> 0.045845879 | U8: =1/(1+DiscRate)^(B8+CycleLength/2) -> 0.98294637 | V8: =R8*U8 -> 623.75047 | W8: =T8*U8 -> 0.045064041
A9: =A8+1 -> 7 | B9: =A9*CycleLength -> 0.53846154 | C9: =MAX(0,1-I9-F9-G9-D9) -> 0.34047794 | D9: =IF(A9=1, 0, F8*M9*(1-(1-(1-qx)^(1/13)))+D8*(1-pReResp)*(1-(1-(1-qx)^(1/13)))) -> 0.24009264 | E9: =C9+D9 -> 0.58057058 | F9: =IF(A9=1, C8*pRespComp*(1-(1-(1-qx)^(1/13))), MAX(0, F8*(1-M9)*(1-(1-(1-qx)^(1/13)))+D8*pReResp*(1-(1-(1-qx)^(1/13))))) -> 0.27945919 | G9: =IF(A9=1, 0, MAX(0, G8*(1-pRelComp)*(1-(1-(1-qx)^(1/13)))+C8*pReResp*(1-(1-(1-qx)^(1/13))))) -> 0.13910837 | H9: =F9+G9 -> 0.41856756 | I9: =I8+(1-I8)*(1-(1-qx)^(1/13)) -> 0.00086185682 | J9: =E9+H9+I9 -> 1 | K9: =F9 -> 0.27945919 | L9: 0 | M9: =pRelComp -> 0.127454 | N9: 0 | O9: 0 | P9: =(1-I9)*cOral -> 3.9965526 | Q9: =E9*cDep+H9*cResp -> 637.60425 | R9: =O9+P9+Q9 -> 641.6008 | S9: =(E9*uDep+H9*uResp)*CycleLength -> 0.045701019 | T9: =(S9+S10)/2 -> 0.045585656 | U9: =1/(1+DiscRate)^(B9+CycleLength/2) -> 0.98034868 | V9: =R9*U9 -> 628.9925 | W9: =T9*U9 -> 0.044689837
A10: =A9+1 -> 8 | B10: =A10*CycleLength -> 0.61538462 | C10: =MAX(0,1-I10-F10-G10-D10) -> 0.33092886 | D10: =IF(A10=1, 0, F9*M10*(1-(1-(1-qx)^(1/13)))+D9*(1-pReResp)*(1-(1-(1-qx)^(1/13)))) -> 0.25647183 | E10: =C10+D10 -> 0.58740069 | F10: =IF(A10=1, C9*pRespComp*(1-(1-(1-qx)^(1/13))), MAX(0, F9*(1-M10)*(1-(1-(1-qx)^(1/13)))+D9*pReResp*(1-(1-(1-qx)^(1/13))))) -> 0.26301601 | G10: =IF(A10=1, 0, MAX(0, G9*(1-pRelComp)*(1-(1-(1-qx)^(1/13)))+C9*pReResp*(1-(1-(1-qx)^(1/13))))) -> 0.14859838 | H10: =F10+G10 -> 0.41161439 | I10: =I9+(1-I9)*(1-(1-qx)^(1/13)) -> 0.00098491857 | J10: =E10+H10+I10 -> 1 | K10: =F10 -> 0.26301601 | L10: 0 | M10: =pRelComp -> 0.127454 | N10: 0 | O10: 0 | P10: =(1-I10)*cOral -> 3.9960603 | Q10: =E10*cDep+H10*cResp -> 643.15743 | R10: =O10+P10+Q10 -> 647.15349 | S10: =(E10*uDep+H10*uResp)*CycleLength -> 0.045470292 | T10: =(S10+S11)/2 -> 0.045378302 | U10: =1/(1+DiscRate)^(B10+CycleLength/2) -> 0.97775785 | V10: =R10*U10 -> 632.75941 | W10: =T10*U10 -> 0.044368991
A11: =A10+1 -> 9 | B11: =A11*CycleLength -> 0.69230769 | C11: =MAX(0,1-I11-F11-G11-D11) -> 0.32335417 | D11: =IF(A11=1, 0, F10*M11*(1-(1-(1-qx)^(1/13)))+D10*(1-pReResp)*(1-(1-(1-qx)^(1/13)))) -> 0.26944334 | E11: =C11+D11 -> 0.59279751 | F11: =IF(A11=1, C10*pRespComp*(1-(1-(1-qx)^(1/13))), MAX(0, F10*(1-M11)*(1-(1-(1-qx)^(1/13)))+D10*pReResp*(1-(1-(1-qx)^(1/13))))) -> 0.24998052 | G11: =IF(A11=1, 0, MAX(0, G10*(1-pRelComp)*(1-(1-(1-qx)^(1/13)))+C10*pReResp*(1-(1-(1-qx)^(1/13))))) -> 0.156114 | H11: =F11+G11 -> 0.40609452 | I11: =I10+(1-I10)*(1-(1-qx)^(1/13)) -> 0.0011079652 | J11: =E11+H11+I11 -> 1 | K11: =F11 -> 0.24998052 | L11: 0 | M11: =pRelComp -> 0.127454 | N11: 0 | O11: 0 | P11: =(1-I11)*cOral -> 3.9955681 | Q11: =E11*cDep+H11*cResp -> 647.54106 | R11: =O11+P11+Q11 -> 651.53663 | S11: =(E11*uDep+H11*uResp)*CycleLength -> 0.045286312 | T11: =(S11+S12)/2 -> 0.045212845 | U11: =1/(1+DiscRate)^(B11+CycleLength/2) -> 0.97517386 | V11: =R11*U11 -> 635.36149 | W11: =T11*U11 -> 0.044090385
A12: =A11+1 -> 10 | B12: =A12*CycleLength -> 0.76923077 | C12: =MAX(0,1-I12-F12-G12-D12) -> 0.3173441 | D12: =IF(A12=1, 0, F11*M12*(1-(1-(1-qx)^(1/13)))+D11*(1-pReResp)*(1-(1-(1-qx)^(1/13)))) -> 0.27971443 | E12: =C12+D12 -> 0.59705853 | F12: =IF(A12=1, C11*pRespComp*(1-(1-(1-qx)^(1/13))), MAX(0, F11*(1-M12)*(1-(1-(1-qx)^(1/13)))+D11*pReResp*(1-(1-(1-qx)^(1/13))))) -> 0.23964545 | G12: =IF(A12=1, 0, MAX(0, G11*(1-pRelComp)*(1-(1-(1-qx)^(1/13)))+C11*pReResp*(1-(1-(1-qx)^(1/13))))) -> 0.16206502 | H12: =F12+G12 -> 0.40171047 | I12: =I11+(1-I11)*(1-(1-qx)^(1/13)) -> 0.0012309966 | J12: =E12+H12+I12 -> 1 | K12: =F12 -> 0.23964545 | L12: 0 | M12: =pRelComp -> 0.127454 | N12: 0 | O12: 0 | P12: =(1-I12)*cOral -> 3.995076 | Q12: =E12*cDep+H12*cResp -> 650.99788 | R12: =O12+P12+Q12 -> 654.99296 | S12: =(E12*uDep+H12*uResp)*CycleLength -> 0.045139378 | T12: =(S12+S13)/2 -> 0.045080589 | U12: =1/(1+DiscRate)^(B12+CycleLength/2) -> 0.97259671 | V12: =R12*U12 -> 637.04399 | W12: =T12*U12 -> 0.043845233
A13: =A12+1 -> 11 | B13: =A13*CycleLength -> 0.84615385 | C13: =MAX(0,1-I13-F13-G13-D13) -> 0.31257391 | D13: =IF(A13=1, 0, F12*M13*(1-(1-(1-qx)^(1/13)))+D12*(1-pReResp)*(1-(1-(1-qx)^(1/13)))) -> 0.28784559 | E13: =C13+D13 -> 0.6004195 | F13: =IF(A13=1, C12*pRespComp*(1-(1-(1-qx)^(1/13))), MAX(0, F12*(1-M13)*(1-(1-(1-qx)^(1/13)))+D12*pReResp*(1-(1-(1-qx)^(1/13))))) -> 0.23145032 | G13: =IF(A13=1, 0, MAX(0, G12*(1-pRelComp)*(1-(1-(1-qx)^(1/13)))+C12*pReResp*(1-(1-(1-qx)^(1/13))))) -> 0.16677617 | H13: =F13+G13 -> 0.39822649 | I13: =I12+(1-I12)*(1-(1-qx)^(1/13)) -> 0.0013540129 | J13: =E13+H13+I13 -> 1 | K13: =F13 -> 0.23145032 | L13: 0 | M13: =pRelComp -> 0.127454 | N13: 0 | O13: 0 | P13: =(1-I13)*cOral -> 3.9945839 | Q13: =E13*cDep+H13*cResp -> 653.72025 | R13: =O13+P13+Q13 -> 657.71483 | S13: =(E13*uDep+H13*uResp)*CycleLength -> 0.045021801 | T13: =(S13+S14)/2 -> 0.044974644 | U13: =1/(1+DiscRate)^(B13+CycleLength/2) -> 0.97002636 | V13: =R13*U13 -> 638.00073 | W13: =T13*U13 -> 0.04362659
A14: =A13+1 -> 12 | B14: =A14*CycleLength -> 0.92307692 | C14: =MAX(0,1-I14-F14-G14-D14) -> 0.30878625 | D14: =IF(A14=1, 0, F13*M14*(1-(1-(1-qx)^(1/13)))+D13*(1-pReResp)*(1-(1-(1-qx)^(1/13)))) -> 0.29428096 | E14: =C14+D14 -> 0.60306721 | F14: =IF(A14=1, C13*pRespComp*(1-(1-(1-qx)^(1/13))), MAX(0, F13*(1-M14)*(1-(1-(1-qx)^(1/13)))+D13*pReResp*(1-(1-(1-qx)^(1/13))))) -> 0.22495099 | G14: =IF(A14=1, 0, MAX(0, G13*(1-pRelComp)*(1-(1-(1-qx)^(1/13)))+C13*pReResp*(1-(1-(1-qx)^(1/13))))) -> 0.17050479 | H14: =F14+G14 -> 0.39545578 | I14: =I13+(1-I13)*(1-(1-qx)^(1/13)) -> 0.001477014 | J14: =E14+H14+I14 -> 1 | K14: =F14 -> 0.22495099 | L14: 0 | M14: =pRelComp -> 0.127454 | N14: 0 | O14: 0 | P14: =(1-I14)*cOral -> 3.9940919 | Q14: =E14*cDep+H14*cResp -> 655.86061 | R14: =O14+P14+Q14 -> 659.8547 | S14: =(E14*uDep+H14*uResp)*CycleLength -> 0.044927487 | T14: =(S14+S15)/2 -> 0.044889548 | U14: =1/(1+DiscRate)^(B14+CycleLength/2) -> 0.96746281 | V14: =R14*U14 -> 638.38488 | W14: =T14*U14 -> 0.043428969
... A65: =A64+1 -> 63 | B65: =A65*CycleLength -> 4.8461538 | C65: =MAX(0,1-I65-F65-G65-D65) -> 0.29261925 | D65: =IF(A65=1, 0, F64*M65*(1-(1-(1-qx)^(1/13)))+D64*(1-pReResp)*(1-(1-(1-qx)^(1/13)))) -> 0.31700391 | E65: =C65+D65 -> 0.60962316 | F65: =IF(A65=1, C64*pRespComp*(1-(1-(1-qx)^(1/13))), MAX(0, F64*(1-M65)*(1-(1-(1-qx)^(1/13)))+D64*pReResp*(1-(1-(1-qx)^(1/13))))) -> 0.19897648 | G65: =IF(A65=1, 0, MAX(0, G64*(1-pRelComp)*(1-(1-(1-qx)^(1/13)))+C64*pReResp*(1-(1-(1-qx)^(1/13))))) -> 0.18367034 | H65: =F65+G65 -> 0.38264682 | I65: =I64+(1-I64)*(1-(1-qx)^(1/13)) -> 0.0077300244 | J65: =E65+H65+I65 -> 1 | K65: =F65 -> 0.19897648 | L65: 0 | M65: =pRelComp -> 0.127454 | N65: 0 | O65: 0 | P65: =(1-I65)*cOral -> 3.9690799 | Q65: =E65*cDep+H65*cResp -> 660.18477 | R65: =O65+P65+Q65 -> 664.15385 | S65: =(E65*uDep+H65*uResp)*CycleLength -> 0.044309141 | T65: =(S65+S66)/2 -> 0.044306412 | U65: =1/(1+DiscRate)^(B65+CycleLength/2) -> 0.84532193 | V65: =R65*U65 -> 561.42382 | W65: =T65*U65 -> 0.037453182
A66: =A65+1 -> 64 | B66: =A66*CycleLength -> 4.9230769 | C66: =MAX(0,1-I66-F66-G66-D66) -> 0.29258319 | D66: =IF(A66=1, 0, F65*M66*(1-(1-(1-qx)^(1/13)))+D65*(1-pReResp)*(1-(1-(1-qx)^(1/13)))) -> 0.3169649 | E66: =C66+D66 -> 0.60954809 | F66: =IF(A66=1, C65*pRespComp*(1-(1-(1-qx)^(1/13))), MAX(0, F65*(1-M66)*(1-(1-(1-qx)^(1/13)))+D65*pReResp*(1-(1-(1-qx)^(1/13))))) -> 0.19895194 | G66: =IF(A66=1, 0, MAX(0, G65*(1-pRelComp)*(1-(1-(1-qx)^(1/13)))+C65*pReResp*(1-(1-(1-qx)^(1/13))))) -> 0.18364774 | H66: =F66+G66 -> 0.38259967 | I66: =I65+(1-I65)*(1-(1-qx)^(1/13)) -> 0.0078522402 | J66: =E66+H66+I66 -> 1 | K66: =F66 -> 0.19895194 | L66: 0 | M66: =pRelComp -> 0.127454 | N66: 0 | O66: 0 | P66: =(1-I66)*cOral -> 3.968591 | Q66: =E66*cDep+H66*cResp -> 660.10347 | R66: =O66+P66+Q66 -> 664.07206 | S66: =(E66*uDep+H66*uResp)*CycleLength -> 0.044303683 | T66: =S66/2 -> 0.022151841 | U66: =1/(1+DiscRate)^(B66+CycleLength/2) -> 0.84308795 | V66: =R66*U66 -> 559.87115 | W66: =T66*U66 -> 0.018675951
